Name,Dataset,xsec [pb],xsec unc [pb],Ntuple List,Pileup File,Nevents,SumW,SumW2,Neff,Luminosity [/fb],TLatexName
DiPhotonJetsMGG80toInf13TeVamcatnloFXFXpythia8,/DiPhotonJets_MGG-80toInf_13TeV_amcatnloFXFX_pythia8/RunIIFall17MiniAODv2-PU2017_12Apr2018_94X_mc2017_realistic_v14-v1/MINIAODSIM,138.6,.3287,/hdfs/cms/user/wadud/anTGC/analysis_data/METv5_ntupleLists//DiPhotonJetsMGG80toInf13TeVamcatnloFXFXpythia8.txt,/hdfs/cms/user/wadud/anTGC/analysis_data/METv5_pileup/DiPhotonJetsMGG80toInf13TeVamcatnloFXFXpythia8.root,3883535,1118685275.48852539062500000000,1032563994637.50000000000000000000,1211989.52519566030241549015,8.74,#gamma#gamma
DYJetsToEEM50LTbinned100To2005fLO13TeVmadgraphpythia8,/DYJetsToEE_M-50_LTbinned_100To200_5f_LO_13TeV-madgraph_pythia8/RunIIFall17MiniAODv2-PU2017_12Apr2018_94X_mc2017_realistic_v14-v1/MINIAODSIM,93.66,0.05654,/hdfs/cms/user/wadud/anTGC/analysis_data/METv5_ntupleLists/DYJetsToEEM50LTbinned100To2005fLO13TeVmadgraphpythia8.txt,/hdfs/cms/user/wadud/anTGC/analysis_data/METv5_pileup/DYJetsToEEM50LTbinned100To2005fLO13TeVmadgraphpythia8.root,2230077,2227117.00000000000000000000,2230077.00000000000000000000,2224160.92883295053616166115,23.75,DY+jets (100 GeV<L_{T}<200 GeV)
DYJetsToEEM50LTbinned200To4005fLO13TeVmadgraphpythia8,/DYJetsToEE_M-50_LTbinned_200To400_5f_LO_13TeV-madgraph_pythia8/RunIIFall17MiniAODv2-PU2017_12Apr2018_new_pmx_94X_mc2017_realistic_v14-v1/MINIAODSIM,4.135,0.004698,/hdfs/cms/user/wadud/anTGC/analysis_data/METv5_ntupleLists/DYJetsToEEM50LTbinned200To4005fLO13TeVmadgraphpythia8.txt,/hdfs/cms/user/wadud/anTGC/analysis_data/METv5_pileup/DYJetsToEEM50LTbinned200To4005fLO13TeVmadgraphpythia8.root,688400,686444.00000000000000000000,688400.00000000000000000000,684493.55772225453983992338,165.54,DY+jets (200 GeV<L_{T}<400 GeV)
DYJetsToEEM50LTbinned400To8005fLO13TeVmadgraphpythia8,/DYJetsToEE_M-50_LTbinned_400To800_5f_LO_13TeV-madgraph_pythia8/RunIIFall17MiniAODv2-PU2017_12Apr2018_94X_mc2017_realistic_v14-v1/MINIAODSIM,0.2457,0.0002405,/hdfs/cms/user/wadud/anTGC/analysis_data/METv5_ntupleLists/DYJetsToEEM50LTbinned400To8005fLO13TeVmadgraphpythia8.txt,/hdfs/cms/user/wadud/anTGC/analysis_data/METv5_pileup/DYJetsToEEM50LTbinned400To8005fLO13TeVmadgraphpythia8.root,955396,950278.00000000000000000000,955396.00000000000000000000,945187.41682401846628636122,"3,846.92",DY+jets (400 GeV<L_{T}<800 GeV)
DYJetsToEEM50LTbinned800To20005fLO13TeVmadgraphpythia8,/DYJetsToEE_M-50_LTbinned_800To2000_5f_LO_13TeV-madgraph_pythia8/RunIIFall17MiniAODv2-PU2017_12Apr2018_94X_mc2017_realistic_v14-v1/MINIAODSIM,0.009936,0.00001095,/hdfs/cms/user/wadud/anTGC/analysis_data/METv5_ntupleLists/DYJetsToEEM50LTbinned800To20005fLO13TeVmadgraphpythia8.txt,/hdfs/cms/user/wadud/anTGC/analysis_data/METv5_pileup/DYJetsToEEM50LTbinned800To20005fLO13TeVmadgraphpythia8.root,769820,757960.00000000000000000000,769820.00000000000000000000,746282.71751838095951825380,"75,108.97",DY+jets (800 GeV<L_{T}<2000 GeV)
GJetsDR0p4HT200To400TuneCP513TeVmadgraphMLMpythia8v2,/GJets_DR-0p4_HT-200To400_TuneCP5_13TeV-madgraphMLM-pythia8_v2/RunIIFall17MiniAODv2-PU2017_12Apr2018_94X_mc2017_realistic_v14-v1/MINIAODSIM,1127.,.1492,/hdfs/cms/user/wadud/anTGC/analysis_data/METv5_ntupleLists//GJetsDR0p4HT200To400TuneCP513TeVmadgraphMLMpythia8v2.txt,/hdfs/cms/user/wadud/anTGC/analysis_data/METv5_pileup/GJetsDR0p4HT200To400TuneCP513TeVmadgraphMLMpythia8v2.root,49928037,49891791.00000000000000000000,49928037.00000000000000000000,49855571.31332203000783920288,44.24,#gamma^{0.4}+jets (200 GeV<H_{T}<400 GeV)
GJetsDR0p4HT400To600TuneCP513TeVmadgraphMLMpythia8v2,/GJets_DR-0p4_HT-400To600_TuneCP5_13TeV-madgraphMLM-pythia8_v2/RunIIFall17MiniAODv2-PU2017_12Apr2018_94X_mc2017_realistic_v14-v1/MINIAODSIM,124.6,.03222,/hdfs/cms/user/wadud/anTGC/analysis_data/METv5_ntupleLists//GJetsDR0p4HT400To600TuneCP513TeVmadgraphMLMpythia8v2.txt,/hdfs/cms/user/wadud/anTGC/analysis_data/METv5_pileup/GJetsDR0p4HT400To600TuneCP513TeVmadgraphMLMpythia8v2.root,13389304,13367286.00000000000000000000,13389304.00000000000000000000,13345304.20743273943662643433,107.11,#gamma^{0.4}+jets (400 GeV<H_{T}<600 GeV)
GJetsDR0p4HT600ToInfTuneCP513TeVmadgraphMLMpythia8,/GJets_DR-0p4_HT-600ToInf_TuneCP5_13TeV-madgraphMLM-pythia8/RunIIFall17MiniAODv2-PU2017_12Apr2018_94X_mc2017_realistic_v14-v2/MINIAODSIM,40.66,.01339,/hdfs/cms/user/wadud/anTGC/analysis_data/METv5_ntupleLists//GJetsDR0p4HT600ToInfTuneCP513TeVmadgraphMLMpythia8.txt,/hdfs/cms/user/wadud/anTGC/analysis_data/METv5_pileup/GJetsDR0p4HT600ToInfTuneCP513TeVmadgraphMLMpythia8.root,8392881,8361249.00000000000000000000,8392881.00000000000000000000,8329736.21811163518577814102,204.86,#gamma^{0.4}+jets (600 GeV<H_{T}<#infty)
GJetsHT200To400TuneCP513TeVmadgraphMLMpythia8,/GJets_HT-200To400_TuneCP5_13TeV-madgraphMLM-pythia8/RunIIFall17MiniAODv2-PU2017_12Apr2018_new_pmx_94X_mc2017_realistic_v14-v2/MINIAODSIM,2193.,.6407,/hdfs/cms/user/wadud/anTGC/analysis_data/METv5_ntupleLists//GJetsHT200To400TuneCP513TeVmadgraphMLMpythia8.txt,/hdfs/cms/user/wadud/anTGC/analysis_data/METv5_pileup/GJetsHT200To400TuneCP513TeVmadgraphMLMpythia8.root,10231017,10224007.00000000000000000000,10231017.00000000000000000000,10217001.80305134877562522888,4.66,#gamma+jets (200 GeV<H_{T}<400 GeV)
GJetsHT400To600TuneCP513TeVmadgraphMLMpythia8,/GJets_HT-400To600_TuneCP5_13TeV-madgraphMLM-pythia8/RunIIFall17MiniAODv2-PU2017_12Apr2018_94X_mc2017_realistic_v14-v1/MINIAODSIM,258.3,.1133,/hdfs/cms/user/wadud/anTGC/analysis_data/METv5_ntupleLists//GJetsHT400To600TuneCP513TeVmadgraphMLMpythia8.txt,/hdfs/cms/user/wadud/anTGC/analysis_data/METv5_pileup/GJetsHT400To600TuneCP513TeVmadgraphMLMpythia8.root,4646958,4640128.00000000000000000000,4646958.00000000000000000000,4633308.03858868498355150223,17.94,#gamma+jets (400 GeV<H_{T}<600 GeV)
GJetsHT600ToInfTuneCP513TeVmadgraphMLMpythia8,/GJets_HT-600ToInf_TuneCP5_13TeV-madgraphMLM-pythia8/RunIIFall17MiniAODv2-PU2017_12Apr2018_94X_mc2017_realistic_v14-v2/MINIAODSIM,85.23,.0448,/hdfs/cms/user/wadud/anTGC/analysis_data/METv5_ntupleLists//GJetsHT600ToInfTuneCP513TeVmadgraphMLMpythia8.txt,/hdfs/cms/user/wadud/anTGC/analysis_data/METv5_pileup/GJetsHT600ToInfTuneCP513TeVmadgraphMLMpythia8.root,3289629,3278039.00000000000000000000,3289629.00000000000000000000,3266489.83381439046934247017,38.33,#gamma+jets (600 GeV<H_{T}<#infty)
QCDHT1000to1500TuneCP513TeVmadgraphpythia8,/QCD_HT1000to1500_TuneCP5_13TeV-madgraph-pythia8/RunIIFall17MiniAODv2-PU2017_12Apr2018_new_pmx_94X_mc2017_realistic_v14-v1/MINIAODSIM,1095.,.2593,/hdfs/cms/user/wadud/anTGC/analysis_data/METv5_ntupleLists//QCDHT1000to1500TuneCP513TeVmadgraphpythia8.txt,/hdfs/cms/user/wadud/anTGC/analysis_data/METv5_pileup/QCDHT1000to1500TuneCP513TeVmadgraphpythia8.root,16640618,16530204.00000000000000000000,16640618.00000000000000000000,16420522.62011038325726985931,15.00,QCD (1000 GeV<H_{T}<1500 GeV)
QCDHT1500to2000TuneCP513TeVmadgraphpythia8,/QCD_HT1500to2000_TuneCP5_13TeV-madgraph-pythia8/RunIIFall17MiniAODv2-PU2017_12Apr2018_94X_mc2017_realistic_v14-v2/MINIAODSIM,99.13,.02815,/hdfs/cms/user/wadud/anTGC/analysis_data/METv5_ntupleLists//QCDHT1500to2000TuneCP513TeVmadgraphpythia8.txt,/hdfs/cms/user/wadud/anTGC/analysis_data/METv5_pileup/QCDHT1500to2000TuneCP513TeVmadgraphpythia8.root,11634434,11508604.00000000000000000000,11634434.00000000000000000000,11384134.89034498855471611023,114.84,QCD (1500 GeV<H_{T}<2000 GeV)
QCDHT2000toInfTuneCP513TeVmadgraphpythia8,/QCD_HT2000toInf_TuneCP5_13TeV-madgraph-pythia8/RunIIFall17MiniAODv2-PU2017_12Apr2018_94X_mc2017_realistic_v14-v2/MINIAODSIM,20.19,.008102,/hdfs/cms/user/wadud/anTGC/analysis_data/METv5_ntupleLists//QCDHT2000toInfTuneCP513TeVmadgraphpythia8.txt,/hdfs/cms/user/wadud/anTGC/analysis_data/METv5_pileup/QCDHT2000toInfTuneCP513TeVmadgraphpythia8.root,5941306,5825566.00000000000000000000,5941306.00000000000000000000,5712080.68063755705952644348,282.92,QCD (2000 GeV<H_{T}<#infty)
QCDHT200to300TuneCP513TeVmadgraphpythia8,/QCD_HT200to300_TuneCP5_13TeV-madgraph-pythia8/RunIIFall17MiniAODv2-PU2017_12Apr2018_new_pmx_94X_mc2017_realistic_v14-v2/MINIAODSIM,1554000.,189.6,/hdfs/cms/user/wadud/anTGC/analysis_data/METv5_ntupleLists//QCDHT200to300TuneCP513TeVmadgraphpythia8.txt,/hdfs/cms/user/wadud/anTGC/analysis_data/METv5_pileup/QCDHT200to300TuneCP513TeVmadgraphpythia8.root,59427619,59360369.00000000000000000000,59427619.00000000000000000000,59293195.10203094035387039185,0.04,QCD (200 GeV<H_{T}<300 GeV)
QCDHT300to500TuneCP513TeVmadgraphpythia8,/QCD_HT300to500_TuneCP5_13TeV-madgraph-pythia8/RunIIFall17MiniAODv2-PU2017_12Apr2018_new_pmx_94X_mc2017_realistic_v14-v1/MINIAODSIM,323400.,39.82,/hdfs/cms/user/wadud/anTGC/analysis_data/METv5_ntupleLists//QCDHT300to500TuneCP513TeVmadgraphpythia8.txt,/hdfs/cms/user/wadud/anTGC/analysis_data/METv5_pileup/QCDHT300to500TuneCP513TeVmadgraphpythia8.root,59569132,59459614.00000000000000000000,59569132.00000000000000000000,59350297.34912028163671493530,0.18,QCD (300 GeV<H_{T}<500 GeV)
QCDHT500to700TuneCP513TeVmadgraphpythia8,/QCD_HT500to700_TuneCP5_13TeV-madgraph-pythia8/RunIIFall17MiniAODv2-PU2017_12Apr2018_94X_mc2017_realistic_v14-v2/MINIAODSIM,30040.,3.836,/hdfs/cms/user/wadud/anTGC/analysis_data/METv5_ntupleLists//QCDHT500to700TuneCP513TeVmadgraphpythia8.txt,/hdfs/cms/user/wadud/anTGC/analysis_data/METv5_pileup/QCDHT500to700TuneCP513TeVmadgraphpythia8.root,56207744,56041018.00000000000000000000,56207744.00000000000000000000,55874786.55034302920103073120,1.86,QCD (500 GeV<H_{T}<700 GeV)
QCDHT700to1000TuneCP513TeVmadgraphpythia8,/QCD_HT700to1000_TuneCP5_13TeV-madgraph-pythia8/RunIIFall17MiniAODv2-PU2017_12Apr2018_94X_mc2017_realistic_v14-v1/MINIAODSIM,6353.,.8847,/hdfs/cms/user/wadud/anTGC/analysis_data/METv5_ntupleLists//QCDHT700to1000TuneCP513TeVmadgraphpythia8.txt,/hdfs/cms/user/wadud/anTGC/analysis_data/METv5_pileup/QCDHT700to1000TuneCP513TeVmadgraphpythia8.root,47724800,47518924.00000000000000000000,47724800.00000000000000000000,47313936.11115764081478118896,7.45,QCD (700 GeV<H_{T}<1000 GeV)
QCDPt1000to1400TuneCP513TeVpythia8,/QCD_Pt_1000to1400_TuneCP5_13TeV_pythia8/RunIIFall17MiniAODv2-PU2017_12Apr2018_94X_mc2017_realistic_v14-v1/MINIAODSIM,7.475,.0008059,/hdfs/cms/user/wadud/anTGC/analysis_data/METv5_ntupleLists//QCDPt1000to1400TuneCP513TeVpythia8.txt,/hdfs/cms/user/wadud/anTGC/analysis_data/METv5_pileup/QCDPt1000to1400TuneCP513TeVpythia8.root,19631814,19631814.00000000000000000000,19631814.00000000000000000000,19631814.00000000000000000000,"2,626.33",QCD (1000 GeV<#hat{p}_{T}<1400 GeV)
QCDPt1400to1800TuneCP513TeVpythia8,/QCD_Pt_1400to1800_TuneCP5_13TeV_pythia8/RunIIFall17MiniAODv2-PU2017_12Apr2018_94X_mc2017_realistic_v14-v1/MINIAODSIM,.6483,.0001299,/hdfs/cms/user/wadud/anTGC/analysis_data/METv5_ntupleLists//QCDPt1400to1800TuneCP513TeVpythia8.txt,/hdfs/cms/user/wadud/anTGC/analysis_data/METv5_pileup/QCDPt1400to1800TuneCP513TeVpythia8.root,5685270,5685270.00000000000000000000,5685270.00000000000000000000,5685270.00000000000000000000,"8,769.50",QCD (1400 GeV<#hat{p}_{T}<1800 GeV)
QCDPt170to300TuneCP513TeVpythia8,/QCD_Pt_170to300_TuneCP5_13TeV_pythia8/RunIIFall17MiniAODv2-PU2017_12Apr2018_94X_mc2017_realistic_v14-v1/MINIAODSIM,103500.,9.267,/hdfs/cms/user/wadud/anTGC/analysis_data/METv5_ntupleLists//QCDPt170to300TuneCP513TeVpythia8.txt,/hdfs/cms/user/wadud/anTGC/analysis_data/METv5_pileup/QCDPt170to300TuneCP513TeVpythia8.root,29829920,29829920.00000000000000000000,29829920.00000000000000000000,29829920.00000000000000000000,0.29,QCD (170 GeV<#hat{p}_{T}<300 GeV)
QCDPt1800to2400TuneCP513TeVpythia8,/QCD_Pt_1800to2400_TuneCP5_13TeV_pythia8/RunIIFall17MiniAODv2-PU2017_12Apr2018_94X_mc2017_realistic_v14-v1/MINIAODSIM,.08744,.00002523,/hdfs/cms/user/wadud/anTGC/analysis_data/METv5_ntupleLists//QCDPt1800to2400TuneCP513TeVpythia8.txt,/hdfs/cms/user/wadud/anTGC/analysis_data/METv5_pileup/QCDPt1800to2400TuneCP513TeVpythia8.root,2923941,2923941.00000000000000000000,2923941.00000000000000000000,2923941.00000000000000000000,"33,439.40",QCD (1800 GeV<#hat{p}_{T}<2400 GeV)
QCDPt2400to3200TuneCP513TeVpythia8,/QCD_Pt_2400to3200_TuneCP5_13TeV_pythia8/RunIIFall17MiniAODv2-PU2017_12Apr2018_94X_mc2017_realistic_v14-v1/MINIAODSIM,.005232,.000001895,/hdfs/cms/user/wadud/anTGC/analysis_data/METv5_ntupleLists//QCDPt2400to3200TuneCP513TeVpythia8.txt,/hdfs/cms/user/wadud/anTGC/analysis_data/METv5_pileup/QCDPt2400to3200TuneCP513TeVpythia8.root,1910526,1910526.00000000000000000000,1910526.00000000000000000000,1910526.00000000000000000000,"365,161.70",QCD (2400 GeV<#hat{p}_{T}<3200 GeV)
QCDPt300to470TuneCP513TeVpythia8,/QCD_Pt_300to470_TuneCP5_13TeV_pythia8/RunIIFall17MiniAODv2-PU2017_12Apr2018_94X_mc2017_realistic_v14-v1/MINIAODSIM,6831.,.4619,/hdfs/cms/user/wadud/anTGC/analysis_data/METv5_ntupleLists//QCDPt300to470TuneCP513TeVpythia8.txt,/hdfs/cms/user/wadud/anTGC/analysis_data/METv5_pileup/QCDPt300to470TuneCP513TeVpythia8.root,52251242,52251250.01720237731933593750,52251258.10532236099243164062,52251241.92908364534378051758,7.65,QCD (300 GeV<#hat{p}_{T}<470 GeV)
QCDPt3200toInfTuneCP513TeVpythia8,/QCD_Pt_3200toInf_TuneCP5_13TeV_pythia8/RunIIFall17MiniAODv2-PU2017_12Apr2018_94X_mc2017_realistic_v14-v1/MINIAODSIM,.0001351,.0000000815,/hdfs/cms/user/wadud/anTGC/analysis_data/METv5_ntupleLists//QCDPt3200toInfTuneCP513TeVpythia8.txt,/hdfs/cms/user/wadud/anTGC/analysis_data/METv5_pileup/QCDPt3200toInfTuneCP513TeVpythia8.root,757837,757837.00000000000000000000,757837.00000000000000000000,757837.00000000000000000000,"5,609,452.26",QCD (3200 GeV<#hat{p}_{T}<#infty)
QCDPt470to600TuneCP513TeVpythia8,/QCD_Pt_470to600_TuneCP5_13TeV_pythia8/RunIIFall17MiniAODv2-PU2017_12Apr2018_94X_mc2017_realistic_v14-v1/MINIAODSIM,551.9,.04955,/hdfs/cms/user/wadud/anTGC/analysis_data/METv5_ntupleLists//QCDPt470to600TuneCP513TeVpythia8.txt,/hdfs/cms/user/wadud/anTGC/analysis_data/METv5_pileup/QCDPt470to600TuneCP513TeVpythia8.root,27881028,27881110.45682847499847412109,27881194.92542111873626708984,27881025.98849173635244369507,50.52,QCD (470 GeV<#hat{p}_{T}<600 GeV)
QCDPt600to800TuneCP513TeVpythia8,/QCD_Pt_600to800_TuneCP5_13TeV_pythia8/RunIIFall17MiniAODv2-PU2017_12Apr2018_94X_mc2017_realistic_v14-v1/MINIAODSIM,156.4,.009137,/hdfs/cms/user/wadud/anTGC/analysis_data/METv5_ntupleLists//QCDPt600to800TuneCP513TeVpythia8.txt,/hdfs/cms/user/wadud/anTGC/analysis_data/METv5_pileup/QCDPt600to800TuneCP513TeVpythia8.root,66134964,66134965.56392586231231689453,66134967.13498055934906005859,66134963.99287120252847671509,422.86,QCD (600 GeV<#hat{p}_{T}<800 GeV)
QCDPt800to1000TuneCP513TeVpythia8,/QCD_Pt_800to1000_TuneCP5_13TeV_pythia8/RunIIFall17MiniAODv2-PU2017_12Apr2018_94X_mc2017_realistic_v14-v1/MINIAODSIM,26.24,.001941,/hdfs/cms/user/wadud/anTGC/analysis_data/METv5_ntupleLists//QCDPt800to1000TuneCP513TeVpythia8.txt,/hdfs/cms/user/wadud/anTGC/analysis_data/METv5_pileup/QCDPt800to1000TuneCP513TeVpythia8.root,39529008,39529008.00000000000000000000,39529008.00000000000000000000,39529008.00000000000000000000,"1,506.44",QCD (800 GeV<#hat{p}_{T}<1000 GeV)
TGJetsTuneCP513TeVamcatnlomadspinpythia8,/TGJets_TuneCP5_13TeV_amcatnlo_madspin_pythia8/RunIIFall17MiniAODv2-PU2017_12Apr2018_94X_mc2017_realistic_v14-v2/MINIAODSIM,3.055,.01255,/hdfs/cms/user/wadud/anTGC/analysis_data/METv5_ntupleLists//TGJetsTuneCP513TeVamcatnlomadspinpythia8.txt,/hdfs/cms/user/wadud/anTGC/analysis_data/METv5_pileup/TGJetsTuneCP513TeVamcatnlomadspinpythia8.root,1909000,5919452.74006462097167968750,483056959.18273925781250000000,72537.86551619274541735649,23.74,t+jets
TTGJetsTuneCP513TeVamcatnloFXFXmadspinpythia8,/TTGJets_TuneCP5_13TeV-amcatnloFXFX-madspin-pythia8/RunIIFall17MiniAODv2-PU2017_12Apr2018_new_pmx_94X_mc2017_realistic_v14-v1/MINIAODSIM,4.115,.008572,/hdfs/cms/user/wadud/anTGC/analysis_data/METv5_ntupleLists//TTGJetsTuneCP513TeVamcatnloFXFXmadspinpythia8.txt,/hdfs/cms/user/wadud/anTGC/analysis_data/METv5_pileup/TTGJetsTuneCP513TeVamcatnloFXFXmadspinpythia8.root,7349100,52378711.10348129272460937500,2475099190.53955078125000000000,1108452.29449729179032146931,269.37,t#bar{t}+jets
WGJetsMonoPhotonPtG130TuneCP513TeVmadgraph,/WGJets_MonoPhoton_PtG-130_TuneCP5_13TeV-madgraph/RunIIFall17MiniAODv2-PU2017_12Apr2018_94X_mc2017_realistic_v14-v1/MINIAODSIM,0.7158,0.0002675,/hdfs/cms/user/wadud/anTGC/analysis_data/ntuples_CMSSW_10_6_18//WGJetsMonoPhotonPtG130TuneCP513TeVmadgraph.txt,/hdfs/cms/user/wadud/anTGC/analysis_data/METv5_pileup/WGJetsMonoPhotonPtG130TuneCP513TeVmadgraph.root,4917580,4903944,4917580,4890345.811,"6,832.00",W+#gamma (p_{T}^{#gamma}>130 GeV)
WGToLNuG01J5fPtG290TuneCP513TeVamcatnloFXFXpythia8,/WGToLNuG_01J_5f_PtG_290_TuneCP5_13TeV-amcatnloFXFX-pythia8/RunIIFall17MiniAODv2-PU2017_12Apr2018_94X_mc2017_realistic_v14-v1/MINIAODSIM,.07717,.0001238,/hdfs/cms/user/wadud/anTGC/analysis_data/METv5_ntupleLists//WGToLNuG01J5fPtG290TuneCP513TeVamcatnloFXFXpythia8.txt,/hdfs/cms/user/wadud/anTGC/analysis_data/METv5_pileup/WGToLNuG01J5fPtG290TuneCP513TeVamcatnloFXFXpythia8.root,4803607,580040.38899394869804382324,263443.18592934310436248779,1277113.51378239179030060768,"16,549.35",W(#rightarrowl#nu)+#gamma (p_{T}^{#gamma}>290 GeV)
WGToLNuG01J5fPtG490TuneCP513TeVamcatnloFXFXpythia8,/WGToLNuG_01J_5f_PtG_490_TuneCP5_13TeV-amcatnloFXFX-pythia8/RunIIFall17MiniAODv2-PU2017_12Apr2018_94X_mc2017_realistic_v14-v1/MINIAODSIM,.009687,.00001565,/hdfs/cms/user/wadud/anTGC/analysis_data/METv5_ntupleLists//WGToLNuG01J5fPtG490TuneCP513TeVamcatnloFXFXpythia8.txt,/hdfs/cms/user/wadud/anTGC/analysis_data/METv5_pileup/WGToLNuG01J5fPtG490TuneCP513TeVamcatnloFXFXpythia8.root,4945710,73413.04699699580669403076,3922.06166620657313615084,1374143.48066480760462582111,"141,854.39",W(#rightarrowl#nu)+#gamma (p_{T}^{#gamma}>490 GeV)
WGToLNuGPtG130TuneCP513TeVamcatnloFXFXpythia8,/WGToLNuG_PtG-130_TuneCP5_13TeV-amcatnloFXFX-pythia8/RunIIFall17MiniAODv2-PU2017_12Apr2018_94X_mc2017_realistic_v14-v1/MINIAODSIM,1.126,.00195,/hdfs/cms/user/wadud/anTGC/analysis_data/METv5_ntupleLists//WGToLNuGPtG130TuneCP513TeVamcatnloFXFXpythia8.txt,/hdfs/cms/user/wadud/anTGC/analysis_data/METv5_pileup/WGToLNuGPtG130TuneCP513TeVamcatnloFXFXpythia8.root,2011805,3734874.89886734075844287872,25552788.25603402405977249146,545900.91579909482970833778,484.81,W(#rightarrowl#nu)+#gamma (p_{T}^{#gamma}>130 GeV)
WToENuM100TuneCP513TeVpythia8,/WToENu_M-100_TuneCP5_13TeV-pythia8/RunIIFall17MiniAODv2-PU2017_12Apr2018_94X_mc2017_realistic_v14-v1/MINIAODSIM,174.,.06514,/hdfs/cms/user/wadud/anTGC/analysis_data/METv5_ntupleLists//WToENuM100TuneCP513TeVpythia8.txt,/hdfs/cms/user/wadud/anTGC/analysis_data/METv5_pileup/WToENuM100TuneCP513TeVpythia8.root,1916817,1916817.00000000000000000000,1916817.00000000000000000000,1916817.00000000000000000000,11.02,W(#rightarrowe#nu)
WToMuNuM100TuneCP513TeVpythia8,/WToMuNu_M-100_TuneCP5_13TeV-pythia8/RunIIFall17MiniAODv2-PU2017_12Apr2018_94X_mc2017_realistic_v14-v1/MINIAODSIM,174.2,.06537,/hdfs/cms/user/wadud/anTGC/analysis_data/METv5_ntupleLists//WToMuNuM100TuneCP513TeVpythia8.txt,/hdfs/cms/user/wadud/anTGC/analysis_data/METv5_pileup/WToMuNuM100TuneCP513TeVpythia8.root,1905408,1905408.00000000000000000000,1905408.00000000000000000000,1905408.00000000000000000000,10.94,W(#rightarrow#mu#nu)
WToTauNuM100TuneCP513TeVpythia8tauola,/ta/RunIIFall17MiniAODv2-PU2017_12Apr2018_new_pmx_94X_mc2017_realistic_v14-v1/MINIAODSIM,174.,.09011,/hdfs/cms/user/wadud/anTGC/analysis_data/METv5_ntupleLists//WToTauNuM100TuneCP513TeVpythia8tauola.txt,/hdfs/cms/user/wadud/anTGC/analysis_data/METv5_pileup/WToTauNuM100TuneCP513TeVpythia8tauola.root,1000000,1000000.00000000000000000000,1000000.00000000000000000000,1000000.00000000000000000000,5.75,W(#rightarrow#tau#nu)
WWTuneCP513TeVpythia8,/WW_TuneCP5_13TeV-pythia8/RunIIFall17MiniAODv2-PU2017_12Apr2018_94X_mc2017_realistic_v14-v2/MINIAODSIM,75.9,.01276,/hdfs/cms/user/wadud/anTGC/analysis_data/METv5_ntupleLists//WWTuneCP513TeVpythia8.txt,/hdfs/cms/user/wadud/anTGC/analysis_data/METv5_pileup/WWTuneCP513TeVpythia8.root,7765828,7765891.02026236057281494141,7765973.66982221603393554688,7765808.37158210575580596924,102.32,WW
WZTuneCP513TeVpythia8,/WZ_TuneCP5_13TeV-pythia8/RunIIFall17MiniAODv2-PU2017_12Apr2018_94X_mc2017_realistic_v14-v1/MINIAODSIM,27.57,.00638,/hdfs/cms/user/wadud/anTGC/analysis_data/METv5_ntupleLists//WZTuneCP513TeVpythia8.txt,/hdfs/cms/user/wadud/anTGC/analysis_data/METv5_pileup/WZTuneCP513TeVpythia8.root,3928630,3928630.00000000000000000000,3928630.00000000000000000000,3928630.00000000000000000000,142.50,WZ
ZGTo2LGPtG130TuneCP513TeVamcatnloFXFXpythia8,/ZGTo2LG_PtG-130_TuneCP5_13TeV-amcatnloFXFX-pythia8/RunIIFall17MiniAODv2-PU2017_12Apr2018_94X_mc2017_realistic_v14-v1/MINIAODSIM,.1597,.0003007,/hdfs/cms/user/wadud/anTGC/analysis_data/METv5_ntupleLists//ZGTo2LGPtG130TuneCP513TeVamcatnloFXFXpythia8.txt,/hdfs/cms/user/wadud/anTGC/analysis_data/METv5_pileup/ZGTo2LGPtG130TuneCP513TeVamcatnloFXFXpythia8.root,2327487,682541.99039653455838561058,729319.89423857454676181078,638764.37806599878240376711,"3,999.78",Z(#rightarrowl#bar{l})+#gamma (p_{T}^{#gamma}>130 GeV)
ZGTo2NuGTuneCP513TeVamcatnloFXFXpythia8,/ZGTo2NuG_TuneCP5_13TeV-amcatnloFXFX-pythia8/RunIIFall17MiniAODv2-PU2017_12Apr2018_94X_mc2017_realistic_v14-v1/MINIAODSIM,30.22,0.05361,/hdfs/cms/user/wadud/anTGC/analysis_data/METv5_ntupleLists/ZGTo2NuGTuneCP513TeVamcatnloFXFXpythia8.txt,/hdfs/cms/user/wadud/anTGC/analysis_data/METv5_pileup/ZGTo2NuGTuneCP513TeVamcatnloFXFXpythia8.root,2597726,153302374.50676333904266357422,22183651375.89442825317382812500,1059411.61944825947284698486,35.06,
ZGTo2NuGPtG130TuneCP513TeVamcatnloFXFXpythia8,/ZGTo2NuG_PtG-130_TuneCP5_13TeV-amcatnloFXFX-pythia8/RunIIFall17MiniAODv2-PU2017_12Apr2018_94X_mc2017_realistic_v14-v1/MINIAODSIM,.2813,.0006584,/hdfs/cms/user/wadud/anTGC/analysis_data/METv5_ntupleLists//ZGTo2NuGPtG130TuneCP513TeVamcatnloFXFXpythia8.txt,/hdfs/cms/user/wadud/anTGC/analysis_data/METv5_pileup/ZGTo2NuGPtG130TuneCP513TeVamcatnloFXFXpythia8.root,1210789,642823.73224692814983427525,1260461.60193392029032111168,327834.14433717395877465606,"1,165.43",Z(#rightarrow#nu#nu)+#gamma (p_{T}^{#gamma}>130 GeV)
ZJetsToNuNuHT100To20013TeVmadgraph,/ZJetsToNuNu_HT-100To200_13TeV-madgraph/RunIIFall17MiniAODv2-PU2017_12Apr2018_94X_mc2017_realistic_v14-v1/MINIAODSIM,304.5,0.0591,/hdfs/cms/user/wadud/anTGC/analysis_data/METv5_ntupleLists/ZJetsToNuNuHT100To20013TeVmadgraph.txt,/hdfs/cms/user/wadud/anTGC/analysis_data/METv5_pileup/ZJetsToNuNuHT100To20013TeVmadgraph.root,22737266,22702468.00000000000000000000,22737266.00000000000000000000,22667723.25621840357780456543,74.44,Z(#rightarrow#nu#nu)+Jets 100 Gev < H_{T} < 200 GeV)
ZJetsToNuNuHT1200To250013TeVmadgraph,/ZJetsToNuNu_HT-1200To2500_13TeV-madgraph/RunIIFall17MiniAODv2-PU2017_12Apr2018_new_pmx_94X_mc2017_realistic_v14-v1/MINIAODSIM,0.3427,0.0005653,/hdfs/cms/user/wadud/anTGC/analysis_data/METv5_ntupleLists/ZJetsToNuNuHT1200To250013TeVmadgraph.txt,/hdfs/cms/user/wadud/anTGC/analysis_data/METv5_pileup/ZJetsToNuNuHT1200To250013TeVmadgraph.root,340873,336181.00000000000000000000,340873.00000000000000000000,331553.58377166860736906528,967.47,Z(#rightarrow#nu#nu)+Jets 1200 Gev < H_{T} < 2500 GeV)
ZJetsToNuNuHT200To40013TeVmadgraph,/ZJetsToNuNu_HT-200To400_13TeV-madgraph/RunIIFall17MiniAODv2-PU2017_12Apr2018_94X_mc2017_realistic_v14-v1/MINIAODSIM,91.81,0.01851,/hdfs/cms/user/wadud/anTGC/analysis_data/METv5_ntupleLists/ZJetsToNuNuHT200To40013TeVmadgraph.txt,/hdfs/cms/user/wadud/anTGC/analysis_data/METv5_pileup/ZJetsToNuNuHT200To40013TeVmadgraph.root,21675916,21618510.00000000000000000000,21675916.00000000000000000000,21561256.03273697942495346069,234.85,Z(#rightarrow#nu#nu)+Jets 200 Gev < H_{T} < 400 GeV)
ZJetsToNuNuHT2500ToInf13TeVmadgraph,/ZJetsToNuNu_HT-2500ToInf_13TeV-madgraph/RunIIFall17MiniAODv2-PU2017_12Apr2018_94X_mc2017_realistic_v14-v1/MINIAODSIM,0.005146,0.00006232,/hdfs/cms/user/wadud/anTGC/analysis_data/METv5_ntupleLists/ZJetsToNuNuHT2500ToInf13TeVmadgraph.txt,/hdfs/cms/user/wadud/anTGC/analysis_data/METv5_pileup/ZJetsToNuNuHT2500ToInf13TeVmadgraph.root,6734,6446.00000000000000000000,6734.00000000000000000000,6170.31719631719624885591,"1,199.05",Z(#rightarrow#nu#nu)+Jets 400 Gev < H_{T} < 600 GeV)
ZJetsToNuNuHT400To60013TeVmadgraph,/ZJetsToNuNu_HT-400To600_13TeV-madgraph/RunIIFall17MiniAODv2-PU2017_12Apr2018_94X_mc2017_realistic_v14-v1/MINIAODSIM,13.11,0.004108,/hdfs/cms/user/wadud/anTGC/analysis_data/METv5_ntupleLists/ZJetsToNuNuHT400To60013TeVmadgraph.txt,/hdfs/cms/user/wadud/anTGC/analysis_data/METv5_pileup/ZJetsToNuNuHT400To60013TeVmadgraph.root,9134120,9094890.00000000000000000000,9134120.00000000000000000000,9055828.48836012743413448334,690.76,Z(#rightarrow#nu#nu)+Jets 2500 Gev < H_{T} < #infty GeV)
ZJetsToNuNuHT600To80013TeVmadgraph,/ZJetsToNuNu_HT-600To800_13TeV-madgraph/RunIIFall17MiniAODv2-PU2017_12Apr2018_new_pmx_94X_mc2017_realistic_v14-v1/MINIAODSIM,3.258,0.001304,/hdfs/cms/user/wadud/anTGC/analysis_data/METv5_ntupleLists/ZJetsToNuNuHT600To80013TeVmadgraph.txt,/hdfs/cms/user/wadud/anTGC/analysis_data/METv5_pileup/ZJetsToNuNuHT600To80013TeVmadgraph.root,5649241,5615921.00000000000000000000,5649241.00000000000000000000,5582797.52594038750976324081,"1,713.57",Z(#rightarrow#nu#nu)+Jets 600 Gev < H_{T} < 800 GeV)
ZJetsToNuNuHT800To120013TeVmadgraph,/ZJetsToNuNu_HT-800To1200_13TeV-madgraph/RunIIFall17MiniAODv2-PU2017_12Apr2018_94X_mc2017_realistic_v14-v1/MINIAODSIM,1.499,0.0009982,/hdfs/cms/user/wadud/anTGC/analysis_data/METv5_ntupleLists/ZJetsToNuNuHT800To120013TeVmadgraph.txt,/hdfs/cms/user/wadud/anTGC/analysis_data/METv5_pileup/ZJetsToNuNuHT800To120013TeVmadgraph.root,2058077,2041779.00000000000000000000,2058077.00000000000000000000,2025610.06456075259484350681,"1,351.31",Z(#rightarrow#nu#nu)+Jets 800 Gev < H_{T} < 1200 GeV)
ZLLGJetsMonoPhotonPtG130TuneCP513TeVmadgraphpythia8,/ZLLGJets_MonoPhoton_PtG-130_TuneCP5_13TeV-madgraph-pythia8/RunIIFall17MiniAODv2-PU2017_12Apr2018_94X_mc2017_realistic_v14-v1/MINIAODSIM,0.1473,0.0001605,/hdfs/cms/user/wadud/anTGC/analysis_data/METv5_ntupleLists/ZLLGJetsMonoPhotonPtG130TuneCP513TeVmadgraphpythia8.txt,/hdfs/cms/user/wadud/anTGC/analysis_data/METv5_pileup/ZLLGJetsMonoPhotonPtG130TuneCP513TeVmadgraphpythia.root,585440,584033.3414,585130.9017,582937.8397,"3,957.49",Z(#rightarrowl#bar{l})+#gamma (p_{T}^{#gamma}>130 GeV)
ZNuNuGJetsMonoPhotonPtG40to130TuneCP513TeVmadgraphpythia8,/ZNuNuGJets_MonoPhoton_PtG-40to130_TuneCP5_13TeV-madgraph-pythia8/RunIIFall17MiniAODv2-PU2017_12Apr2018_94X_mc2017_realistic_v14-v1/MINIAODSIM,3.011,0.001062,/hdfs/cms/user/wadud/anTGC/analysis_data/METv5_ntupleLists/ZNuNuGJetsMonoPhotonPtG40to130TuneCP513TeVmadgraphpythia8.txt,/hdfs/cms/user/wadud/anTGC/analysis_data/METv5_pileup/ZNuNuGJetsMonoPhotonPtG40to130TuneCP513TeVmadgraphpythia8.root,4603748,4599392.00000000000000000000,4603748.00000000000000000000,4595040.12158441357314586639,"1,526.08",
ZNuNuGJetsMonoPhotonPtG130TuneCP513TeVmadgraph,/ZNuNuGJets_MonoPhoton_PtG-130_TuneCP5_13TeV-madgraph/RunIIFall17MiniAODv2-PU2017_12Apr2018_94X_mc2017_realistic_v14-v1/MINIAODSIM,.2038,.00007422,/hdfs/cms/user/wadud/anTGC/analysis_data/ntuples_CMSSW_10_6_18//ZNuNuGJetsMonoPhotonPtG130TuneCP513TeVmadgraph.txt,/hdfs/cms/user/wadud/anTGC/analysis_data/METv5_pileup/ZNuNuGJetsMonoPhotonPtG130TuneCP513TeVmadgraph.root,5127446,5110900.00000000000000000000,5127446.00000000000000000000,5094407.39307639747858047485,"24,997.09",Z(#rightarrow#nu#nu)+#gamma (p_{T}^{#gamma}>130 GeV)
ZNuNuGJetsMonoPhotonPtG130TuneCP513TeVmadgraphpythia8,/ZNuNuGJets_MonoPhoton_PtG-130_TuneCP5_13TeV-madgraph-pythia8/RunIIFall17MiniAODv2-PU2017_12Apr2018_94X_mc2017_realistic_v14-v1/MINIAODSIM,0.192,0.0000718,/hdfs/cms/user/wadud/anTGC/analysis_data/METv5_ntupleLists//ZNuNuGJetsMonoPhotonPtG130TuneCP513TeVmadgraphpythia8.txt,/hdfs/cms/user/wadud/anTGC/analysis_data/METv5_pileup/ZNuNuGJetsMonoPhotonPtG130TuneCP513TeVmadgraphpythia8.root,4924454,4908052,4924454,4891704.631,"25,477.63",Z(#rightarrow#nu#nu)+#gamma (p_{T}^{#gamma}>130 GeV)
ZZTuneCP513TeVpythia8,/ZZ_TuneCP5_13TeV-pythia8/RunIIFall17MiniAODv2-PU2017_12Apr2018_new_pmx_94X_mc2017_realistic_v14-v2/MINIAODSIM,12.14,.004468,/hdfs/cms/user/wadud/anTGC/analysis_data/METv5_ntupleLists//ZZTuneCP513TeVpythia8.txt,/hdfs/cms/user/wadud/anTGC/analysis_data/METv5_pileup/ZZTuneCP513TeVpythia8.root,1925931,1925931.00000000000000000000,1925931.00000000000000000000,1925931.00000000000000000000,158.64,ZZ
SinglePhotonRun2017B31Mar2018v1MINIAOD,/SinglePhoton/Run2017B-31Mar2018-v1/MINIAOD,-1.,-1.,/hdfs/cms/user/wadud/anTGC/analysis_data/METv5_ntupleLists//SinglePhotonRun2017B31Mar2018v1MINIAOD.txt,/hdfs/cms/user/wadud/anTGC/analysis_data/METv5_pileup/pileup_2017_data.root,15950935,-1.,-1.,14879536.,4.822568176,SinglePhoton 2017B
SinglePhotonRun2017C31Mar2018v1MINIAOD,/SinglePhoton/Run2017C-31Mar2018-v1/MINIAOD,-1.,-1.,/hdfs/cms/user/wadud/anTGC/analysis_data/METv5_ntupleLists//SinglePhotonRun2017C31Mar2018v1MINIAOD.txt,/hdfs/cms/user/wadud/anTGC/analysis_data/METv5_pileup/pileup_2017_data.root,42182948,-1.,-1.,36996325.,9.663895281,SinglePhoton 2017C
SinglePhotonRun2017D31Mar2018v1MINIAOD,/SinglePhoton/Run2017D-31Mar2018-v1/MINIAOD,-1.,-1.,/hdfs/cms/user/wadud/anTGC/analysis_data/METv5_ntupleLists//SinglePhotonRun2017D31Mar2018v1MINIAOD.txt,/hdfs/cms/user/wadud/anTGC/analysis_data/METv5_pileup/pileup_2017_data.root,9753462,-1.,-1.,9491559.,4.251767286,SinglePhoton 2017D
SinglePhotonRun2017E31Mar2018v1MINIAOD,/SinglePhoton/Run2017E-31Mar2018-v1/MINIAOD,-1.,-1.,/hdfs/cms/user/wadud/anTGC/analysis_data/METv5_ntupleLists//SinglePhotonRun2017E31Mar2018v1MINIAOD.txt,/hdfs/cms/user/wadud/anTGC/analysis_data/METv5_pileup/pileup_2017_data.root,18024327,-1.,-1.,18024327.,9.277502962,SinglePhoton 2017E
SinglePhotonRun2017F09May2018v1MINIAOD,/SinglePhoton/Run2017F-09May2018-v1/MINIAOD,-1.,-1.,/hdfs/cms/user/wadud/anTGC/analysis_data/METv5_ntupleLists//SinglePhotonRun2017F09May2018v1MINIAOD.txt,/hdfs/cms/user/wadud/anTGC/analysis_data/METv5_pileup/pileup_2017_data.root,28976877,-1.,-1.,28976877.,13.54006203,SinglePhoton 2017F
